<TcMenuPlugin name="Dark Mode Modern for larger color displays" id="e3d447ef-a620-47fa-9a3c-012665b30bdf"
              subsystem="THEME" requiresDesigner="2.0"
              xmlns="https://www.thecoderscorner.com/libraries/tcmenuPluginItem" xmlns:xsi="http://www.w3.org/2001/XMLSchema-instance"
              xsi:schemaLocation="https://www.thecoderscorner.com/libraries/tcmenuPluginItem https://www.thecoderscorner.com/libraries/tcmenu-plugin-item.xsd">
    <SupportedPlatforms>
       <Platform>ARDUINO_UNO</Platform>
       <Platform>ARDUINO_AVR</Platform>
       <Platform>ARDUINO_32</Platform>
       <Platform>ARDUINO_ESP8266</Platform>
       <Platform>ARDUINO_ESP32</Platform>
       <Platform>MBED_RTOS</Platform>
    </SupportedPlatforms>
    <Description>Dark mode theme for medium to large color TFT displays, with more spacing and padding than traditional, especially suited to touch screens when used with larger fonts. This can only be used with color displays</Description>
    <Documentation link="https://www.thecoderscorner.com/products/arduino-libraries/tc-menu/tcmenu-plugins/color-themes-for-all-display-sizes/"/>
    <RequiredLibraries/>
    <ImageFile>theme-dark-mode-modern.jpg</ImageFile>

    <Properties>
        <Property id="ITEM_FONT" name="Default font for items" initial="def:,1" desc="Default font for items, choose a type suitable for your display" type="font"/>
        <Property id="TITLE_FONT" name="Default font for titles" initial="def:,1" desc="Default font for titles, choose a type suitable for your display" type="font"/>
        <Property id="BORDER_FOR_ACTIONS" name="Borders width for action items (0 = none)" initial="0" desc="The width of the border to use around actions items" type="int" min="0" max="3"/>
        <Property id="TITLE_SHOW_MODE" name="How to show the title" initial="TITLE_FIRST_ROW" desc="This controls if the title should show always, only as the first item, or never" type="choice">
            <Choices>
                <Choice desc="No Title">NO_TITLE</Choice>
                <Choice desc="Title on first row">TITLE_FIRST_ROW</Choice>
                <Choice desc="Always show title">TITLE_ALWAYS</Choice>
            </Choices>
        </Property>
        <Property id="USE_SLIDER_ANALOG" name="Use sliders for analog items" initial="true" desc="When an item is analog, default to using a slider" type="boolean"/>
        <Property id="NEED_EDITING_ICONS" name="Use icons for active/edit status" initial="false" desc="Show an icon on the left to represent active / edit status" type="boolean"/>
    </Properties>

    <ApplicabilityDefs/>

    <SourceFiles>
        <Replacement find="ACTION_BORDER_WIDTH 0" replace="ACTION_BORDER_WIDTH ${BORDER_FOR_ACTIONS}"/>
        <SourceFile name="darkMode/ThemeDarkModeModern.h" overwrite="false"/>
    </SourceFiles>

    <IncludeFiles>
        <Header name="ThemeDarkModeModern.h" inSource="cppSrc"/>
        <Header name="${ITEM_FONT}" inSource="font"/>
        <Header name="${TITLE_FONT}" inSource="font"/>
    </IncludeFiles>

    <GlobalVariables>
        <Variable name="${ITEM_FONT/.*:([\w_]*),.*/}" type="const GFXfont" export="only" whenProperty="ITEM_FONT" matches="ad[al]:.*"/>
        <Variable name="${TITLE_FONT/.*:([\w_]*),.*/}" type="const GFXfont" export="only" whenProperty="TITLE_FONT" matches="ad[al]:.*"/>
    </GlobalVariables>

    <SetupFunctions>
        <Function name="setTitleMode" object="renderer">
            <Param name="BaseGraphicalRenderer::${TITLE_SHOW_MODE}"/>
        </Function>

        <Function name="setUseSliderForAnalog" object="renderer">
            <Param name="${USE_SLIDER_ANALOG}"/>
        </Function>

        <Function name="installDarkModeModernTheme">
            <Param value="renderer"/>
            <Param font="${ITEM_FONT}"/>
            <Param font="${TITLE_FONT}"/>
            <Param value="${NEED_EDITING_ICONS}"/>
        </Function>

    </SetupFunctions>
</TcMenuPlugin>