<TcMenuPlugin name="Manually set the theme up yourself" id="b186c809-d9ef-4ca8-9d4b-e4780a041ccc"
              subsystem="THEME" requiresDesigner="2.0"
              xmlns="https://www.thecoderscorner.com/libraries/tcmenuPluginItem" xmlns:xsi="http://www.w3.org/2001/XMLSchema-instance"
              xsi:schemaLocation="https://www.thecoderscorner.com/libraries/tcmenuPluginItem https://www.thecoderscorner.com/libraries/tcmenu-plugin-item.xsd">
    <SupportedPlatforms>
       <Platform>ARDUINO_UNO</Platform>
       <Platform>ARDUINO_AVR</Platform>
       <Platform>ARDUINO_32</Platform>
       <Platform>ARDUINO_ESP8266</Platform>
       <Platform>ARDUINO_ESP32</Platform>
       <Platform>MBED_RTOS</Platform>
    </SupportedPlatforms>
    <Description>Once you create / modify a theme, you can then manually manage the theme yourself completely outside designer.</Description>
    <Documentation link="https://www.thecoderscorner.com/products/arduino-libraries/tc-menu/rendering-with-tcmenu-lcd-tft-oled/"/>
    <RequiredLibraries/>
    <ImageFile>no-theme.png</ImageFile>

    <Properties/>

    <ApplicabilityDefs/>

    <SourceFiles/>

    <IncludeFiles/>

    <GlobalVariables/>

    <SetupFunctions/>

</TcMenuPlugin>