<TcMenuPlugin name="Mono/OLED theme with inverted title" id="0dd60ceb-7e0f-46e2-8d40-b264eb3aa7e0"
              subsystem="THEME" requiresDesigner="2.0"
              xmlns="https://www.thecoderscorner.com/libraries/tcmenuPluginItem" xmlns:xsi="http://www.w3.org/2001/XMLSchema-instance"
              xsi:schemaLocation="https://www.thecoderscorner.com/libraries/tcmenuPluginItem https://www.thecoderscorner.com/libraries/tcmenu-plugin-item.xsd">
    <SupportedPlatforms>
       <Platform>ARDUINO_UNO</Platform>
       <Platform>ARDUINO_AVR</Platform>
       <Platform>ARDUINO_32</Platform>
       <Platform>ARDUINO_ESP8266</Platform>
       <Platform>ARDUINO_ESP32</Platform>
       <Platform>MBED_RTOS</Platform>
    </SupportedPlatforms>
    <Description>This theme is designed for OLED and other monochrome displays of low to medium resolution. It draws the title line in inverse video and uses the standard edit/active icons.</Description>
    <Documentation link="https://www.thecoderscorner.com/products/arduino-libraries/tc-menu/tcmenu-plugins/monochrome-themes-for-oled-5110/"/>
    <RequiredLibraries/>
    <ImageFile>theme-oled-inverse.jpg</ImageFile>

    <Properties>
        <Property id="ITEM_FONT" name="Default font for items" initial="def:,1" desc="Default font for items, choose a type suitable for your display" type="font"/>
        <Property id="TITLE_FONT" name="Default font for titles" initial="def:,1" desc="Default font for titles, choose a type suitable for your display" type="font"/>
        <Property id="TITLE_HEADER_PADDING" name="Padding around the title item in pixels" initial="2" desc="The padding around the title in pixels - all edges" type="int" min="0" max="10"/>
        <Property id="TITLE_TO_ITEM_SPACING" name="Spacing between title and first item" initial="2" desc="The spacing between the title and the first item" type="int" min="0" max="10"/>
        <Property id="TITLE_SHOW_MODE" name="How to show the title" initial="TITLE_FIRST_ROW" desc="This controls if the title should show always, only as the first item, or never" type="choice">
            <Choices>
                <Choice desc="No Title">NO_TITLE</Choice>
                <Choice desc="Title on first row">TITLE_FIRST_ROW</Choice>
                <Choice desc="Always show title">TITLE_ALWAYS</Choice>
            </Choices>
        </Property>
    </Properties>

    <ApplicabilityDefs/>

    <SourceFiles>
        <Replacement find="TITLE_SPACING 1" replace="TITLE_SPACING ${TITLE_TO_ITEM_SPACING}"/>
        <Replacement find="TITLE_PADDING 1" replace="TITLE_PADDING ${TITLE_HEADER_PADDING}"/>
        <SourceFile name="monoThemes/ThemeMonoInverse.h" overwrite="false"/>
    </SourceFiles>

    <IncludeFiles>
        <Header name="ThemeMonoInverse.h" inSource="cppSrc"/>
        <Header name="${ITEM_FONT}" inSource="font"/>
        <Header name="${TITLE_FONT}" inSource="font"/>
    </IncludeFiles>

    <GlobalVariables>
        <Variable name="${ITEM_FONT/.*:([\w_]*),.*/}" type="const GFXfont" export="only" whenProperty="ITEM_FONT" matches="ad[al]:.*"/>
        <Variable name="${TITLE_FONT/.*:([\w_]*),.*/}" type="const GFXfont" export="only" whenProperty="TITLE_FONT" matches="ad[al]:.*"/>
    </GlobalVariables>

    <SetupFunctions>
        <Function name="setTitleMode" object="renderer">
            <Param name="BaseGraphicalRenderer::${TITLE_SHOW_MODE}"/>
        </Function>

        <Function name="setUseSliderForAnalog" object="renderer">
            <Param name="false"/>
        </Function>

        <Function name="installMonoInverseTitleTheme">
            <Param value="renderer"/>
            <Param font="${ITEM_FONT}"/>
            <Param font="${TITLE_FONT}"/>
            <Param value="true"/>
        </Function>
    </SetupFunctions>
</TcMenuPlugin>