<TcMenuPlugin name="Arduino Serial remote control (Rs232 / USB / Bluetooth)" id="1e38dc42-672d-4c1c-a393-2c7632bf6c5c" subsystem="REMOTE"
              xmlns="https://www.thecoderscorner.com/libraries/tcmenuPluginItem" xmlns:xsi="http://www.w3.org/2001/XMLSchema-instance"
              xsi:schemaLocation="https://www.thecoderscorner.com/libraries/tcmenuPluginItem https://www.thecoderscorner.com/libraries/tcmenu-plugin-item.xsd">
    <SupportedPlatforms>
        <Platform>ARDUINO_UNO</Platform>
        <Platform>ARDUINO_AVR</Platform>
        <Platform>ARDUINO_32</Platform>
    </SupportedPlatforms>
    <Description>Use this option to be able to control the menu over many kinds of serial link, for example RS232, USBSerial, Bluetooth. The full menu structure will be available to the remote using either the protocol or the API..</Description>
    <Documentation link="https://www.thecoderscorner.com/products/arduino-libraries/tc-menu/tcmenu-plugins/serial-remote-plugin/"/>
    <RequiredLibraries/>
    <ImageFile>serial-connection.jpg</ImageFile>

    <Properties>
        <Property id="SERIAL_PORT" name="Serial port" desc="Enter the variable name of the serial port, E.G: Serial" initial="Serial" type="variable"/>
    </Properties>

    <ApplicabilityDefs/>

    <SourceFiles>
        <SourceFile name="serialSrc/SerialTransport.cpp"/>
        <SourceFile name="serialSrc/SerialTransport.h"/>
    </SourceFiles>

    <IncludeFiles>
        <Header name="RemoteConnector.h" inSource="false"/>
        <Header name="SerialTransport.h" inSource="true"/>
    </IncludeFiles>

    <GlobalVariables/>

    <SetupFunctions>
        <Function name="begin" object="remoteServer">
            <Param ref="${SERIAL_PORT}"/>
            <Param ref="applicationInfo"/>
        </Function>
    </SetupFunctions>
</TcMenuPlugin>