<TcMenuPlugin name="ESP Wifi control of your menu for ESP boards" id="46c30011-cac6-4598-a7b8-b0630d55daab" subsystem="REMOTE"
              xmlns="https://www.thecoderscorner.com/libraries/tcmenuPluginItem" xmlns:xsi="http://www.w3.org/2001/XMLSchema-instance"
              xsi:schemaLocation="https://www.thecoderscorner.com/libraries/tcmenuPluginItem https://www.thecoderscorner.com/libraries/tcmenu-plugin-item.xsd">
    <SupportedPlatforms>
        <Platform>ARDUINO_ESP8266</Platform>
        <Platform>ARDUINO_ESP32</Platform>
    </SupportedPlatforms>
    <Description>Use this option to be able to control the menu using the ESP board built in WiFi controller. The full menu structure will be available to the remote using either the protocol or the API.</Description>
    <Documentation link="https://www.thecoderscorner.com/products/arduino-libraries/tc-menu/tcmenu-plugins/esp-wifi-remote-plugin/"/>
    <RequiredLibraries/>
    <ImageFile>esp8266.jpg</ImageFile>

    <Properties>
        <Property id="LISTEN_PORT" name="Port on which to listen" initial="3333" desc="The port on which to listen" type="int" min="0" max="65355"/>
    </Properties>

    <ApplicabilityDefs/>

    <SourceFiles>
        <Replacement find="Ethernet.h" replace="WiFi.h" whenProperty="TARGET" isValue="ARDUINO_ESP32"/>
        <Replacement find="Ethernet.h" replace="ESP8266WiFi.h" whenProperty="TARGET" isValue="ARDUINO_ESP8266"/>
        <Replacement find="EthernetClient" replace="WiFiClient" />
        <Replacement find="EthernetServer" replace="WiFiServer" />
        <SourceFile name="ethernetSrc/EthernetTransport.cpp"/>
        <SourceFile name="ethernetSrc/EthernetTransport.h"/>
    </SourceFiles>

    <IncludeFiles>
        <Header name="EthernetTransport.h" inSource="true"/>
        <Header name="RemoteConnector.h" inSource="false"/>
    </IncludeFiles>

    <GlobalVariables>
        <Variable name="server" type="WiFiServer" export="true">
            <Param value="${LISTEN_PORT}" default="3333" />
        </Variable>
    </GlobalVariables>

    <SetupFunctions>
        <Function name="begin" object="remoteServer">
            <Param ref="server"/>
            <Param ref="applicationInfo"/>
        </Function>
    </SetupFunctions>
</TcMenuPlugin>