<TcMenuPlugin name="Simhub serial connector" id="4123dfc3-5271-4727-81f0-1a21d06b666b" subsystem="REMOTE"
              xmlns="https://www.thecoderscorner.com/libraries/tcmenuPluginItem" xmlns:xsi="http://www.w3.org/2001/XMLSchema-instance"
              xsi:schemaLocation="https://www.thecoderscorner.com/libraries/tcmenuPluginItem https://www.thecoderscorner.com/libraries/tcmenu-plugin-item.xsd">
    <SupportedPlatforms>
        <Platform>ARDUINO_UNO</Platform>
        <Platform>ARDUINO_AVR</Platform>
        <Platform>ARDUINO_32</Platform>
        <Platform>ARDUINO_ESP8266</Platform>
        <Platform>ARDUINO_ESP32</Platform>
        <Platform>MBED_RTOS</Platform>
    </SupportedPlatforms>
    <Description>Use this option to update menu items from simhub using the custom protocol. The documentation describes how to configure the protocol.</Description>
    <Documentation link="https://www.thecoderscorner.com/products/arduino-libraries/tc-menu/tcmenu-plugins/simhub-connector/"/>
    <RequiredLibraries/>
    <ImageFile>simhub.jpg</ImageFile>

    <Properties>
        <Property id="SERIAL_PORT" name="Serial port" desc="Enter the variable name of the serial port, E.G: Serial" initial="Serial" type="variable"/>
        <Property id="STATUS_MENUITEM" name="Connection Status menu item (-1 none)" desc="Optional BooleanMenuItem that shows connection status" initial="-1" type="BooleanMenuItem"/>
    </Properties>

    <ApplicabilityDefs/>

    <SourceFiles>
        <SourceFile name="simhub/SimhubConnector.cpp"/>
        <SourceFile name="simhub/SimhubConnector.h"/>
    </SourceFiles>

    <IncludeFiles>
        <Header name="SimhubConnector.h" inSource="true"/>
    </IncludeFiles>

    <GlobalVariables>
        <Variable  name="connector" type="SimhubConnector"/>
    </GlobalVariables>

    <SetupFunctions>
        <Function name="begin" object="connector">
            <Param ref="${SERIAL_PORT}"/>
            <Param value="${STATUS_MENUITEM}"/>
        </Function>
    </SetupFunctions>
</TcMenuPlugin>