<TcMenuPlugin name="Adafruit OLED for mbed"
              id="8a15d500-410f-489d-b3dc-540b05e630ed" subsystem="DISPLAY"
              requiresDesigner="2.0" needsTheme="true"
              xmlns="https://www.thecoderscorner.com/libraries/tcmenuPluginItem"
              xmlns:xsi="http://www.w3.org/2001/XMLSchema-instance"
              xsi:schemaLocation="https://www.thecoderscorner.com/libraries/tcmenuPluginItem https://www.thecoderscorner.com/libraries/tcmenu-plugin-item.xsd">
    <SupportedPlatforms>
        <Platform>MBED_RTOS</Platform>
    </SupportedPlatforms>
    <Description>AdafruitGFX OLED library for mbed devices. This version works with SSD1306 and SH1106 displays. You can set most parameters and there's no need to define anything in your code. See docs for library requirements.</Description>
    <Documentation link="https://www.thecoderscorner.com/products/arduino-libraries/tc-menu/tcmenu-plugins/mbed_oled_plugin/"/>
    <RequiredLibraries/>
    <ImageFile>oled-display.jpg</ImageFile>
    <Properties>
        <Property id="SERIAL_BUS" name="i2c or SPI reference" initial="i2c" desc="Name of the serial bus you created"  type="variable" />
        <Property id="DISPLAY_VARIABLE" name="Variable name" initial="gfx" desc="Name of the variable to create" type="variable" />
        <Property id="DISPLAY_TYPE" name="Display type" initial="SSD_1306" desc="Type of display you have" type="choice">
            <Choices>
                <Choice desc="SH1106">SH_1106</Choice>
                <Choice desc="SSD1306">SSD_1306</Choice>
            </Choices>
        </Property>
        <Property id="DISPLAY_WIDTH" name="Display width" initial="128" desc="Pixel width in hardware" type="choice">
            <Choices>
                <Choice>132</Choice>
                <Choice>128</Choice>
            </Choices>
        </Property>
        <Property id="DISPLAY_HEIGHT" name="Display height" initial="64" desc="Pixel height in hardware" type="choice">
            <Choices>
                <Choice>32</Choice>
                <Choice>64</Choice>
            </Choices>
        </Property>
        <Property id="BUS_TYPE" name="Serial Bus Type" initial="I2C" desc="Serial bus type, either I2C or SPI" type="choice">
            <Choices>
                <Choice>I2C</Choice>
                <Choice>SPI</Choice>
            </Choices>
        </Property>
        <Property id="DISPLAY_RESET_PIN" name="Optional Reset Pin" initial="NC" desc="Option the pin on which Reset is connected" type="pin" />
        <Property id="DISPLAY_CS_PIN" name="CS Pin (SPI only)" initial="NC" desc="Option the pin on which CS is connected" type="pin" />
        <Property id="DISPLAY_RS_PIN" name="RS Pin (SPI only)" initial="NC" desc="Option the pin on which RS is connected" type="pin" />
        <Property id="DISPLAY_ROTATION" name="Display Rotation (0..3)" initial="0" desc="See AdafruitGFX guide for more on rotation" type="int" min="0" max="3"/>
        <Property id="UPDATES_PER_SEC" name="Screen updates per second" initial="5" desc="Number of screen updates per second, ensure it divides by 1000" type="int" min="1" max="30"/>
    </Properties>

    <ApplicabilityDefs>

    </ApplicabilityDefs>

    <SourceFiles>
        <Replacement find="#define DISPLAY_HAS_MEMBUFFER (true|false)" replace="#define DISPLAY_HAS_MEMBUFFER true"/>
        <Replacement find="Adafruit_ILI9341" replace="Adafruit_SSD1306_I2c" whenProperty="BUS_TYPE" isValue="I2C"/>
        <Replacement find="Adafruit_ILI9341" replace="Adafruit_SSD1306_Spi" whenProperty="BUS_TYPE" isValue="SPI"/>
        <SourceFile name="adaGfxDriver/tcMenuAdaFruitGfx.cpp"/>
        <SourceFile name="adaGfxDriver/tcMenuAdaFruitGfx.h"/>
    </SourceFiles>

    <IncludeFiles>
        <Header name="Adafruit_SSD1306.h" inSource="true"/>
        <Header name="tcMenuAdaFruitGfx.h" inSource="true"/>
    </IncludeFiles>

    <GlobalVariables>
        <Variable name="${SERIAL_BUS}" type="${BUS_TYPE}" export="only"/>
        <Variable name="${DISPLAY_VARIABLE}" type="Adafruit_SSD1306_Spi" export="true" whenProperty="BUS_TYPE" isValue="SPI">
            <Param value="${SERIAL_BUS}" />
            <Param value="${DISPLAY_RS_PIN}"/>
            <Param value="${DISPLAY_RESET_PIN}"/>
            <Param value="${DISPLAY_CS_PIN}"/>
            <Param value="${DISPLAY_HEIGHT}"/>
            <Param value="${DISPLAY_WIDTH}"/>
            <Param value="${DISPLAY_TYPE}"/>
        </Variable>
        <Variable name="${DISPLAY_VARIABLE}" type="Adafruit_SSD1306_I2c" export="true" whenProperty="BUS_TYPE" isValue="I2C">
            <Param value="${SERIAL_BUS}" />
            <Param value="${DISPLAY_RESET_PIN}"/>
            <Param value="SSD_I2C_ADDRESS"/>
            <Param value="${DISPLAY_HEIGHT}"/>
            <Param value="${DISPLAY_WIDTH}"/>
            <Param value="${DISPLAY_TYPE}"/>
        </Variable>

        <Variable name="${DISPLAY_VARIABLE}Drawable" type="AdafruitDrawable" export="true">
            <Param ref="${DISPLAY_VARIABLE}"/>
        </Variable>

        <Variable name="renderer" type="GraphicsDeviceRenderer" export="true">
            <Param value="30"/>
            <Param value="applicationInfo.name"/>
            <Param ref="${DISPLAY_VARIABLE}Drawable"/>
        </Variable>

    </GlobalVariables>

    <SetupFunctions>
        <Function name="setRotation" object="${DISPLAY_VARIABLE}">
            <Param value="${DISPLAY_ROTATION"/>
        </Function>
        <Function name="begin" object="${DISPLAY_VARIABLE}"/>

        <Function object="renderer" name="setUpdatesPerSecond">
            <Param value="${UPDATES_PER_SEC}"/>
        </Function>
    </SetupFunctions>
</TcMenuPlugin>