<TcMenuPlugin name="DfRobot Input from shield Joystick" id="7daa6a81-dd09-422e-b83c-bda5045abaef" subsystem="INPUT"
              xmlns="https://www.thecoderscorner.com/libraries/tcmenuPluginItem" xmlns:xsi="http://www.w3.org/2001/XMLSchema-instance"
              xsi:schemaLocation="https://www.thecoderscorner.com/libraries/tcmenuPluginItem https://www.thecoderscorner.com/libraries/tcmenu-plugin-item.xsd">
<SupportedPlatforms>
       <Platform>ARDUINO_UNO</Platform>
       <Platform>ARDUINO_AVR</Platform>
    </SupportedPlatforms>
    <Description>Uses the DfRobot shield switches to control the menu. These switches are connected to analog input A0 and will be managed by switches.</Description>
    <Documentation link="https://www.thecoderscorner.com/products/arduino-libraries/tc-menu/tcmenu-plugins/dfrobot-input-display-plugin/"/>
    <RequiredLibraries/>
    <ImageFile>DfRobotShield.jpg</ImageFile>

    <Properties/>

    <ApplicabilityDefs/>

    <SourceFiles/>

    <IncludeFiles>
        <Header name="DfRobotInputAbstraction.h" inSource="false"/>
    </IncludeFiles>

    <GlobalVariables/>

    <SetupFunctions>
        <Function name="pinMode">
            <Param value="A0"/>
            <Param value="INPUT"/>
        </Function>

        <Function name="initialise" object="switches">
            <Param value="inputFromDfRobotShield()"/>
            <Param value="false"/>
        </Function>

        <Function name="initForUpDownOk" object="menuMgr">
            <Param ref="renderer"/>
            <Param ref="${ROOT}"/>
            <Param value="DF_KEY_DOWN"/>
            <Param value="DF_KEY_UP"/>
            <Param value="DF_KEY_SELECT"/>
        </Function>

        <Function name="setBackButton" object="menuMgr">
            <Param value="DF_KEY_LEFT"/>
        </Function>

        <Function name="setNextButton" object="menuMgr">
            <Param value="DF_KEY_RIGHT"/>
        </Function>
    </SetupFunctions>
</TcMenuPlugin>