<TcMenuPlugin name="DfRobot LCD shield renderer" id="bcd5fe34-9e9f-4fcb-9edf-f4e3caca0674" subsystem="DISPLAY"
    xmlns="https://www.thecoderscorner.com/libraries/tcmenuPluginItem" xmlns:xsi="http://www.w3.org/2001/XMLSchema-instance"
    xsi:schemaLocation="https://www.thecoderscorner.com/libraries/tcmenuPluginItem https://www.thecoderscorner.com/libraries/tcmenu-plugin-item.xsd">
    <SupportedPlatforms>
       <Platform>ARDUINO_UNO</Platform>
       <Platform>ARDUINO_AVR</Platform>
    </SupportedPlatforms>
    <Description>Uses the LCD panel on the DfRobot shield via the LiquidCrystalIO library without needing to specify any configuration at all.</Description>
    <Documentation link="https://www.thecoderscorner.com/products/arduino-libraries/tc-menu/tcmenu-plugins/dfrobot-input-display-plugin/"/>
    <RequiredLibraries/>
    <ImageFile>DfRobotShield.jpg</ImageFile>

    <Properties/>

    <ApplicabilityDefs/>

    <SourceFiles>
        <SourceFile name="lcdSrc/tcMenuLiquidCrystal.cpp" />
        <SourceFile name="lcdSrc/tcMenuLiquidCrystal.h" />
    </SourceFiles>

    <IncludeFiles>
        <Header name="LiquidCrystalIO.h" inSource="false"/>
        <Header name="tcMenuLiquidCrystal.h" inSource="true"/>
    </IncludeFiles>

    <GlobalVariables>
        <Variable name="lcd" type="LiquidCrystal" export="true" progmem="false">
            <Param value="8"/>
            <Param value="9"/>
            <Param value="4"/>
            <Param value="5"/>
            <Param value="6"/>
            <Param value="7"/>
        </Variable>

        <Variable name="renderer" type="LiquidCrystalRenderer" export="true" progmem="false">
            <Param value="lcd"/>
            <Param value="16"/>
            <Param value="2"/>
        </Variable>
    </GlobalVariables>

    <SetupFunctions>
        <Function name="begin" object="lcd">
            <Param value="16"/>
            <Param value="2"/>
        </Function>

        <Function name="configureBacklightPin" object="lcd">
            <Param value="10"/>
        </Function>

        <Function name="backlight" object="lcd"/>
    </SetupFunctions>
</TcMenuPlugin>