<TcMenuPlugin name="No display required" id="cdd0be35-f6ff-40ae-86fc-f9d04a6e8679" subsystem="DISPLAY"
              xmlns="https://www.thecoderscorner.com/libraries/tcmenuPluginItem" xmlns:xsi="http://www.w3.org/2001/XMLSchema-instance"
              xsi:schemaLocation="https://www.thecoderscorner.com/libraries/tcmenuPluginItem https://www.thecoderscorner.com/libraries/tcmenu-plugin-item.xsd">
    <SupportedPlatforms>
       <Platform>ARDUINO_UNO</Platform>
       <Platform>ARDUINO_AVR</Platform>
       <Platform>ARDUINO_32</Platform>
       <Platform>ARDUINO_ESP8266</Platform>
       <Platform>ARDUINO_ESP32</Platform>
       <Platform>MBED_RTOS</Platform>
    </SupportedPlatforms>
    <Description>Advanced library usage. This is for the case where you don't want to render your menu on a display on the embedded device.</Description>
    <Documentation link="https://www.thecoderscorner.com/products/arduino-libraries/tc-menu/customise-menu-input-display-plugin/"/>
    <RequiredLibraries/>
    <ImageFile>no-display.png</ImageFile>

    <Properties/>

    <ApplicabilityDefs/>

    <SourceFiles/>

    <IncludeFiles>
        <Header name="BaseRenderer.h" inSource="false"/>
    </IncludeFiles>

    <GlobalVariables>
        <Variable name="renderer" type="NoRenderer" export="true" progmem="false"/>
    </GlobalVariables>

    <SetupFunctions/>
</TcMenuPlugin>