<TcMenuPlugin name="No input required" id="89cd7f70-0457-4884-97c2-0db904ccb0ba" subsystem="INPUT"
              xmlns="https://www.thecoderscorner.com/libraries/tcmenuPluginItem" xmlns:xsi="http://www.w3.org/2001/XMLSchema-instance"
              xsi:schemaLocation="https://www.thecoderscorner.com/libraries/tcmenuPluginItem https://www.thecoderscorner.com/libraries/tcmenu-plugin-item.xsd">
    <SupportedPlatforms>
       <Platform>ARDUINO_UNO</Platform>
       <Platform>ARDUINO_AVR</Platform>
       <Platform>ARDUINO_32</Platform>
       <Platform>ARDUINO_ESP8266</Platform>
       <Platform>ARDUINO_ESP32</Platform>
       <Platform>MBED_RTOS</Platform>
    </SupportedPlatforms>
    <Description>Advanced library usage. This caters for where there is no local input facilities.</Description>
    <Documentation link="https://www.thecoderscorner.com/products/arduino-libraries/tc-menu/customise-menu-input-display-plugin/"/>
    <RequiredLibraries/>
    <ImageFile>no-display.png</ImageFile>

    <Properties/>

    <ApplicabilityDefs/>

    <SourceFiles/>

    <IncludeFiles/>

    <GlobalVariables/>

    <SetupFunctions>
        <Function name="initWithoutInput" object="menuMgr">
            <Param ref="renderer"/>
            <Param ref="${ROOT}"/>
        </Function>
    </SetupFunctions>
</TcMenuPlugin>