<!--
  ~ Copyright (c)  2016-2020 https://www.thecoderscorner.com (Nutricherry LTD).
  ~ This product is licensed under an Apache license, see the LICENSE file in the top-level directory.
  ~
  -->

<TcMenuPlugin name="SSD1306ASCII Driver for low memory OLED displays" id="1ec1b247-cc51-49d7-aa5c-dd0d4530751d" subsystem="DISPLAY"
              xmlns="https://www.thecoderscorner.com/libraries/tcmenuPluginItem" xmlns:xsi="http://www.w3.org/2001/XMLSchema-instance"
              xsi:schemaLocation="https://www.thecoderscorner.com/libraries/tcmenuPluginItem https://www.thecoderscorner.com/libraries/tcmenu-plugin-item.xsd">
    <SupportedPlatforms>
        <Platform>ARDUINO_UNO</Platform>
        <Platform>ARDUINO_AVR</Platform>
    </SupportedPlatforms>
    <Description>SSD1306ASCII uses the greiman SSD1306Ascii from github to generate a low memory display renderer for OLED devices using a fixed width font. Commercial use caution: underlying SSD1306Ascii library is GPL</Description>
    <Documentation link="https://www.thecoderscorner.com/products/arduino-libraries/tc-menu/tcmenu-plugins/ssd1306ascii-display-plugin"/>
    <RequiredLibraries/>
    <ImageFile>ssd1306ascii.jpg</ImageFile>

    <Properties>
        <Property id="DISPLAY_VARIABLE" name="Display variable name" initial="gfx" desc="Display variable name as declared in sketch" type="variable" />
        <Property id="DISPLAY_TYPE" name="Display variable type" initial="" desc="Type of the variable as declared in sketch" type="variable" />
        <Property id="CHAR_WIDTH" name="Number of characters horizontally" initial="20" desc="The number of characters across the display" type="int" min="2" max="99"/>
        <Property id="TITLE_FONT" name="Font to use for title" initial="Arial14" desc="The font that is used to render the title" type="variable" />
        <Property id="ITEM_FONT" name="Monospace font to draw items" initial="System5x7" desc="Monospace font that is used to render item text" type="variable" />
    </Properties>
    <ApplicabilityDefs/>

    <SourceFiles>
        <SourceFile name="ssd1306AsciiSupport/ssd1306asciiRenderer.cpp" />
        <SourceFile name="ssd1306AsciiSupport/ssd1306asciiRenderer.h" />
    </SourceFiles>

    <IncludeFiles>
        <Header name="SSD1306Ascii.h" inSource="false" priority="high"/>
        <Header name="${DISPLAY_TYPE}.h" inSource="false"/>
        <Header name="ssd1306asciiRenderer.h" inSource="true"/>
    </IncludeFiles>

    <GlobalVariables>
        <Variable name="${DISPLAY_VARIABLE}" type="${DISPLAY_TYPE}" export="only" />
        <Variable name="renderer" type="SSD1306AsciiRenderer" export="true" progmem="false">
            <Param value="${CHAR_WIDTH}"/>
            <Param value="${TITLE_FONT}"/>
            <Param value="${ITEM_FONT}"/>
        </Variable>
    </GlobalVariables>

    <SetupFunctions>
        <Function name="setGraphicsDevice" object="renderer" whenProperty="DISPLAY_CONFIG" isValue="">
            <Param ref="${DISPLAY_VARIABLE}"/>
        </Function>
    </SetupFunctions>
</TcMenuPlugin>