<TcMenuPlugin name="TFT_eSPI display driver for color displays"
              id="e6342680-6fab-4d1b-ac08-ce8dbfc0974c" subsystem="DISPLAY"
              requiresDesigner="2.0" needsTheme="true"
              xmlns="https://www.thecoderscorner.com/libraries/tcmenuPluginItem" xmlns:xsi="http://www.w3.org/2001/XMLSchema-instance"
              xsi:schemaLocation="https://www.thecoderscorner.com/libraries/tcmenuPluginItem https://www.thecoderscorner.com/libraries/tcmenu-plugin-item.xsd">
    <SupportedPlatforms>
        <Platform>ARDUINO_32</Platform>
        <Platform>ARDUINO_ESP8266</Platform>
        <Platform>ARDUINO_ESP32</Platform>
    </SupportedPlatforms>
    <Description>Draw menus using the TFT_eSPI library with any configuration that you have for color TFTs. Supports double buffering and all menu display types.</Description>
    <Documentation link="https://www.thecoderscorner.com/products/arduino-libraries/tc-menu/tcmenu-plugins/tft_espi-renderer-plugin/"/>
    <RequiredLibraries/>
    <ImageFile>adagfx-color.jpg</ImageFile>
    <Properties>
        <Property id="DISPLAY_VARIABLE" name="Display variable name" initial="gfx" desc="Name of the variable we should create" type="variable" />
        <Property id="DISPLAY_ROTATION" name="Rotation number" initial="2" desc="Rotation value between 0 and 3" type="int" min="0" max="3" />
        <Property id="DOUBLE_BUFFER_ROWS" name="Maximum rows to double buffer" initial="0" desc="Menus are rendered one item at a time, the largest buffer height - 0=off" type="int" min="0" max="250" />
        <Property id="UPDATES_PER_SEC" name="Screen updates per second" initial="10" desc="How many times per second to check for screen updates" type="int" min="1" max="30" />
    </Properties>

    <ApplicabilityDefs/>

    <SourceFiles>
        <SourceFile name="tfteSpi/tcMenuTfteSpi.cpp"/>
        <SourceFile name="tfteSpi/tcMenuTfteSpi.h"/>
    </SourceFiles>

    <IncludeFiles>
        <Header name="tcMenuTfteSpi.h" inSource="true"/>
        <Header name="graphics/MenuTouchScreenEncoder.h" inSource="false"/>
    </IncludeFiles>

    <GlobalVariables>
        <Variable name="${DISPLAY_VARIABLE}" type="TFT_eSPI" export="true" />

        <Variable name="${DISPLAY_VARIABLE}Drawable" type="TfteSpiDrawable" export="true">
            <Param ref="${DISPLAY_VARIABLE}"/>
            <Param value="${DOUBLE_BUFFER_ROWS}"/>
        </Variable>

        <Variable name="renderer" type="GraphicsDeviceRenderer" export="true">
            <Param value="30"/>
            <Param value="applicationInfo.name"/>
            <Param ref="${DISPLAY_VARIABLE}Drawable"/>
        </Variable>
    </GlobalVariables>

    <SetupFunctions>
        <Function object="tft" name="begin"/>

        <Function object="tft" name="setRotation">
            <Param value="${DISPLAY_ROTATION}"/>
        </Function>

        <Function object="renderer" name="setUpdatesPerSecond">
            <Param value="${UPDATES_PER_SEC}"/>
        </Function>
    </SetupFunctions>
</TcMenuPlugin>