<TcMenuPlugin name="U8G2 display quick start, covers common options"
              id="fd998437-c4b2-4386-ba88-d0ae7c20620b"
              subsystem="DISPLAY"
              requiresDesigner="2.0" needsTheme="true"
              xmlns="https://www.thecoderscorner.com/libraries/tcmenuPluginItem"
              xmlns:xsi="http://www.w3.org/2001/XMLSchema-instance"
              xsi:schemaLocation="https://www.thecoderscorner.com/libraries/tcmenuPluginItem https://www.thecoderscorner.com/libraries/tcmenu-plugin-item.xsd">
    <SupportedPlatforms>
        <Platform>ARDUINO_UNO</Platform>
        <Platform>ARDUINO_AVR</Platform>
        <Platform>ARDUINO_32</Platform>
        <Platform>ARDUINO_ESP8266</Platform>
        <Platform>ARDUINO_ESP32</Platform>
    </SupportedPlatforms>
    <Description>Draw menus using U8G2 library. Let code generator build a simple U8G2 display object for you, handles most simple configurations in full buffer mode.</Description>
    <Documentation link="https://www.thecoderscorner.com/products/arduino-libraries/tc-menu/tcmenu-plugins/u8g2-renderer-plugin/"/>
    <RequiredLibraries/>
    <ImageFile>oled-display.jpg</ImageFile>

    <Properties>
        <Property id="DISPLAY_VARIABLE" name="Display variable name" initial="gfx" desc="Display variable name as declared in sketch" type="variable" />
        <Property id="DISPLAY_TYPE" name="Display variable type" initial="U8G2_SSD1306_128X64_NONAME_F_SW_I2C" desc="The U8G2 display type to be used" type="choice">
            <Choices>
                <Choice desc="SSD1305 128x32 4W HW SPI">U8G2_SSD1305_128X32_NONAME_F_4W_HW_SPI</Choice>
                <Choice desc="SSD1305 128x32 4W SW SPI">U8G2_SSD1305_128X32_NONAME_F_4W_SW_SPI</Choice>
                <Choice desc="SSD1305 128x32 HW I2C">U8G2_SSD1305_128X32_NONAME_F_HW_I2C</Choice>
                <Choice desc="SSD1305 128x32 SW I2C">U8G2_SSD1305_128X32_NONAME_F_SW_I2C</Choice>
                <Choice desc="SSD1306 128x64 4W SW SPI">U8G2_SSD1306_128X64_NONAME_F_4W_SW_SPI</Choice>
                <Choice desc="SSD1306 128x64 4W HW SPI">U8G2_SSD1306_128X64_NONAME_F_4W_HW_SPI</Choice>
                <Choice desc="SSD1306 128x64 HW I2C">U8G2_SSD1306_128X64_NONAME_F_HW_I2C</Choice>
                <Choice desc="SSD1306 128x64 SW I2C">U8G2_SSD1306_128X64_NONAME_F_SW_I2C</Choice>
                <Choice desc="SSD1306 128x64 3W HW I2C">U8G2_SSD1306_128X64_NONAME_F_3W_HW_SPI</Choice>

                <Choice desc="SH1106 128X64 4W SW SPI">U8G2_SH1106_128X64_NONAME_F_4W_SW_SPI</Choice>
                <Choice desc="SH1106 128X64 4W HW SPI">U8G2_SH1106_128X64_NONAME_F_4W_HW_SPI</Choice>
                <Choice desc="SH1106 128X64 3W SW SPI">U8G2_SH1106_128X64_NONAME_F_3W_SW_SPI</Choice>
                <Choice desc="SH1106 128X64 3W HW SPI">U8G2_SH1106_128X64_NONAME_F_3W_HW_SPI</Choice>
                <Choice desc="SH1106 128X64 SW I2C">U8G2_SH1106_128X64_NONAME_F_SW_I2C</Choice>
                <Choice desc="SH1106 128X64 HW I2C">U8G2_SH1106_128X64_NONAME_F_HW_I2C</Choice>

                <Choice desc="SSD1305 128X32 HW I2C Adafruit">U8G2_SSD1305_128X32_ADAFRUIT_F_HW_I2C</Choice>
                <Choice desc="SSD1305 128X32 SW I2C Adafruit">U8G2_SSD1305_128X32_ADAFRUIT_F_SW_I2C</Choice>
                <Choice desc="SSD1305 128X32 4W SW SPI Adafruit">U8G2_SSD1305_128X32_ADAFRUIT_F_4W_SW_SPI</Choice>
                <Choice desc="SSD1305 128X32 4W HW SPI Adafruit">U8G2_SSD1305_128X32_ADAFRUIT_F_4W_HW_SPI</Choice>
                <Choice desc="SSD1305 128X64 HW I2C Adafruit">U8G2_SSD1305_128X64_ADAFRUIT_F_HW_I2C</Choice>
                <Choice desc="SSD1305 128X64 SW I2C Adafruit">U8G2_SSD1305_128X64_ADAFRUIT_F_SW_I2C</Choice>
                <Choice desc="SSD1305 128X64 SW 4W SPI Adafruit">U8G2_SSD1305_128X64_ADAFRUIT_F_4W_SW_SPI</Choice>
                <Choice desc="SSD1305 128X64 HW 4W SPI Adafruit">U8G2_SSD1305_128X64_ADAFRUIT_F_4W_HW_SPI</Choice>

                <Choice desc="SSD1607 200X200 HW 3W SPI">U8G2_SSD1607_200X200_F_3W_HW_SPI</Choice>
                <Choice desc="SSD1607 GD 200X200 SW 4W SPI">U8G2_SSD1607_GD_200X200_F_4W_SW_SPI</Choice>
                <Choice desc="SSD1607 GD 200X200 HW 4W SPI">U8G2_SSD1607_GD_200X200_F_4W_HW_SPI</Choice>
                <Choice desc="SSD1607 GD 200X200 SW 3W SPI">U8G2_SSD1607_GD_200X200_F_3W_SW_SPI</Choice>
                <Choice desc="SSD1607 GD 200X200 HW 3W SPI">U8G2_SSD1607_GD_200X200_F_3W_HW_SPI</Choice>
                <Choice desc="SSD1607 WS 200X200 SW 4W SPI">U8G2_SSD1607_WS_200X200_F_4W_SW_SPI</Choice>
                <Choice desc="SSD1607 WS 200X200 HW 4W SPI">U8G2_SSD1607_WS_200X200_F_4W_HW_SPI</Choice>
                <Choice desc="SSD1607 WS 200X200 SW 3W SPI">U8G2_SSD1607_WS_200X200_F_3W_SW_SPI</Choice>
                <Choice desc="SSD1607 WS 200X200 HW 3W SPI">U8G2_SSD1607_WS_200X200_F_3W_HW_SPI</Choice>

                <Choice desc="IL3820 V2 296X128 HW 3W SPI">U8G2_IL3820_V2_296X128_F_3W_HW_SPI</Choice>
                <Choice desc="IL3820 V2 296X128 SW 3W SPI">U8G2_IL3820_V2_296X128_F_3W_SW_SPI</Choice>
                <Choice desc="IL3820 V2 296X128 HW 4W SPI">U8G2_IL3820_V2_296X128_F_4W_HW_SPI</Choice>
                <Choice desc="IL3820 V2 296X128 SW 4W SPI">U8G2_IL3820_V2_296X128_F_4W_SW_SPI</Choice>
                <Choice desc="IL3820 296X128 HW 3W SPI">U8G2_IL3820_296X128_F_3W_HW_SPI</Choice>
                <Choice desc="IL3820 296X128 SW 3W SPI">U8G2_IL3820_296X128_F_3W_SW_SPI</Choice>
                <Choice desc="IL3820 296X128 HW 4W SPI">U8G2_IL3820_296X128_F_4W_HW_SPI</Choice>
                <Choice desc="IL3820 296X128 SW 4W SPI">U8G2_IL3820_296X128_F_4W_SW_SPI</Choice>

            </Choices>
        </Property>
        <Property id="DISPLAY_ROTATION" name="Display rotation angle" initial="U8G2_R0" desc="Rotation of the display as per U8G2 docs" type="choice" >
            <Choices>
                <Choice>U8G2_R0</Choice>
                <Choice>U8G2_R1</Choice>
                <Choice>U8G2_R2</Choice>
                <Choice>U8G2_R3</Choice>
                <Choice>U8G2_MIRROR</Choice>
            </Choices>
        </Property>
        <Property id="DISPLAY_CLOCK_PIN" name="Serial Clock Pin - SW I2C" initial="U8X8_PIN_NONE" desc="Serial bus clock pin for I2C mode (U8X8_PIN_NONE = default)" type="pin" />
        <Property id="DISPLAY_DATA_PIN" name="Serial Data Pin - SW I2C" initial="U8X8_PIN_NONE" desc="Serial bus data pin for I2C mode (U8X8_PIN_NONE = default)" type="pin" />
        <Property id="DISPLAY_RESET_PIN" name="Optional Reset Pin" initial="U8X8_PIN_NONE" desc="Option the pin on which Reset is connected (U8X8_PIN_NONE = none)" type="pin" />
        <Property id="DISPLAY_CS_PIN" name="CS Pin (SPI only)" initial="U8X8_PIN_NONE" whenProperty="DISPLAY_TYPE" matches=".*SPI"
                  desc="Option the pin on which CS is connected (U8X8_PIN_NONE = default)" type="pin" />
        <Property id="DISPLAY_RS_PIN" name="RS Pin (SPI only)" initial="U8X8_PIN_NONE" whenProperty="DISPLAY_TYPE" matches=".*SPI"
                  desc="Option the pin on which RS is connected (U8X8_PIN_NONE = default)" type="pin" />
        <Property id="UPDATES_PER_SEC" name="Screen updates per second" initial="10" desc="How many times per second to check for screen updates" type="int" min="1" max="30" />
        <Property id="YIELDING_WIRE_CB" name="Advanced: Improve I2C latency by yielding" initial="false" type="boolean"
                  whenProperty="DISPLAY_TYPE" matches=".*HW_I2C"
                  desc="Overrides byte callback calling yieldForMicros frequently to improve latency, you must call Wire.begin() yourself" />
    </Properties>

    <ApplicabilityDefs/>

    <SourceFiles>
        <Replacement find="define WANT_TASK_MANAGER_FRIENDLY_YIELD [01]" replace="define WANT_TASK_MANAGER_FRIENDLY_YIELD 1" whenProperty="YIELDING_WIRE_CB" isValue="true"/>
        <Replacement find="define WANT_TASK_MANAGER_FRIENDLY_YIELD [01]" replace="define WANT_TASK_MANAGER_FRIENDLY_YIELD 0" whenProperty="YIELDING_WIRE_CB" isValue="false"/>
        <SourceFile name="u8g2Driver/tcMenuU8g2.cpp" />
        <SourceFile name="u8g2Driver/tcMenuU8g2.h" />
    </SourceFiles>

    <IncludeFiles>
        <Header name="tcMenuU8g2.h" inSource="true"/>
    </IncludeFiles>

    <GlobalVariables>
        <Variable name="${DISPLAY_VARIABLE}" type="${DISPLAY_TYPE}" export="true" whenProperty="DISPLAY_TYPE" matches=".*F_4W_HW_SPI">
            <Param value="${DISPLAY_ROTATION}" />
            <Param value="${DISPLAY_CS_PIN}"/>
            <Param value="${DISPLAY_RS_PIN}"/>
            <Param value="${DISPLAY_RESET_PIN}"/>
        </Variable>

        <Variable name="${DISPLAY_VARIABLE}" type="${DISPLAY_TYPE}" export="true" whenProperty="DISPLAY_TYPE" matches=".*F_HW_I2C">
            <Param value="${DISPLAY_ROTATION}" />
            <Param value="${DISPLAY_RESET_PIN}"/>
            <Param value="${DISPLAY_CLOCK_PIN}"/>
            <Param value="${DISPLAY_DATA_PIN}"/>
        </Variable>

        <Variable name="${DISPLAY_VARIABLE}" type="${DISPLAY_TYPE}" export="true" whenProperty="DISPLAY_TYPE" matches=".*F_4W_SW_SPI">
            <Param value="${DISPLAY_ROTATION}" />
            <Param value="${DISPLAY_CLOCK_PIN}"/>
            <Param value="${DISPLAY_DATA_PIN}"/>
            <Param value="${DISPLAY_CS_PIN}"/>
            <Param value="${DISPLAY_RS_PIN}"/>
            <Param value="${DISPLAY_RESET_PIN}"/>
        </Variable>

        <Variable name="${DISPLAY_VARIABLE}" type="${DISPLAY_TYPE}" export="true" whenProperty="DISPLAY_TYPE" matches=".*F_SW_I2C">
            <Param value="${DISPLAY_ROTATION}" />
            <Param value="${DISPLAY_CLOCK_PIN}"/>
            <Param value="${DISPLAY_DATA_PIN}"/>
            <Param value="${DISPLAY_RESET_PIN}"/>
        </Variable>

        <Variable name="${DISPLAY_VARIABLE}Drawable" type="U8g2Drawable" whenProperty="YIELDING_WIRE_CB" isValue="true">
            <Param ref="${DISPLAY_VARIABLE}"/>
            <Param ref="Wire"/>
        </Variable>

        <Variable name="${DISPLAY_VARIABLE}Drawable" type="U8g2Drawable" whenProperty="YIELDING_WIRE_CB" isValue="false">
            <Param ref="${DISPLAY_VARIABLE}"/>
        </Variable>

        <Variable name="renderer" type="GraphicsDeviceRenderer" export="true">
            <Param value="30"/>
            <Param value="applicationInfo.name"/>
            <Param ref="${DISPLAY_VARIABLE}Drawable"/>
        </Variable>
    </GlobalVariables>

    <SetupFunctions>
        <Function object="${DISPLAY_VARIABLE}" name="begin"/>

        <Function object="renderer" name="setUpdatesPerSecond">
            <Param value="${UPDATES_PER_SEC}"/>
        </Function>
    </SetupFunctions>
</TcMenuPlugin>